order_id,cleaned_customer_name,cleaned_email,cleaned_order_date,cleaned_product_name,cleaned_quantity,cleaned_price,cleaned_country,cleaned_order_status,notes
1009,Null,jessica@abc.com,2023-11-09,Macbook Pro,1,1299.99,Canada,Other,Missing name
1010,Aisha Khan,aisha.khan@outlook,2023-11-10,Macbook Pro,1,1299.99,Canada,Other,check eligibility
1014,Ankit Patel,ankit@patel.com,2023-11-07,Samsung Galaxy S22,1,,India,Pending,missing price
1006,Ankit Patel,ankit@patel.com,2023-11-07,Other,1,,India,Pending,no stock
1015,Carlos Hernández,carlos@hernandez.com,2023-11-08,iPhone 14,1,1099,Spain,Delivered,duplicate product format
1008,Carlos Hernández,carlos@hernandez.com,2023-11-08,iPhone 14,1,1099,Spain,Delivered,-
1012,Tom O'brien,tom.obrien@gmail.com,2023-11-05,Google Pixel,1,599,United Kingdom,Delivered,no comment
1004,Tom O'brien,,2023-11-05,Google Pixel,1,599,United Kingdom,Delivered,NULL
1013,Mary Johnson,mary.j@gmail.com,2023-11-06,Samsung Galaxy S22,2,800,United Kingdom,Other,
1005,Mary Johnson,mary.j@gmail.com,2023-11-06,Samsung Galaxy S22,2,800,United Kingdom,Other,Return due to defect
1011,Sarah Thompson,sarah.t@gmail.com,2023-10-30,Samsung Galaxy S22,2,799,United States,Refunded,updated payment method
1003,Sarah Thompson,sarah.t@gmail.com,2023-10-30,Samsung Galaxy S22,2,799,United States,Shipped,"""customer requested refund"""
1002,John Smith,john.smith@gmail.com,2023-11-02,Apple Watch,1,399.99,United States,Delivered,Duplicate name?
1001,John Smith,john.smith@gmail.com,2023-11-02,Apple Watch,1,399.99,United States,Delivered,-
1007,John Smith,john.smith@gmail.com,2023-11-02,Apple Watch,1,399.99,United States,Delivered,Duplicate?